id2;Aponds;Tipologia;Tipo;Apond;Tipo;Nome;Munic;RegMetrop;Setores;Pessoas_Univ;Domicílios_Univ;Pessoas_Amo;Domicílios_Amo;Pp_Mobilidade;arborizacao;esgoto_ceu_aberto;lixo_acumulado;Pp_N_AglSubn;Pp_Densidade;Pp_Dens_MB_adeq;Pp_Parede;Pp_Especie;Pp_Agua;Pp_Esgoto;Pp_Lixo;Pp_Energia;Iluminacao;pavimentacao;calcada;meio_fio_guia;bueiro_boca_de_lobo;rampa_cadeirante;logradouro;IMobilid;IArbor;IEsg_ceu;ILixo_acum;IAglsubn;IDensid;IDens_banh;IParede;IEspecie;IAgua;IEsgoto;ILixo;IEnergia;IIlumin;IPavim;ICalcada;IMeio_fio;IBueiro;IRampa;ILograd;D1;D2;D3;D4;D5;IBEU
1;4101150001001;AGRICOLA;1;4.101.150.001.001;Município Inteiro;Município de Ângulo;4.101.150;36;7;2.859;929;939;302;96,393442622951;97,952536063285;100;87,715216379712;100;93,31550802139;82,219251336898;87,566844919786;99,598930481283;99,598930481283;0,935828877005;98,930481283423;99,465240641711;97,766402978129;54,862726849698;45,69567240577;54,676593764542;55,374592833876;3,583061889251;82,643089809214;0,787849566056;0,879560944899;1;0,441600744532;1;0,644719251337;0,415527827293;0,268637936458;0,933155080214;0,982562194838;0,00935828877;0,847211611917;0,923605805959;0,813866914844;0,179322306358;0,12412374848;0,175938068446;0,420449257583;0,051928433178;0,814976985653;0,788;0,774;0,652;0,554;0,369;0,627
2;4102109001001;AGRICOLA POPULAR;2;4.102.109.001.001;Município Inteiro;Município de Astorga;4.102.109;36;41;24.698;8.167;2.405;791;97,093649085038;92,327910454525;100;98,971314632710;100;96,87641466727;82,661837935718;94,205522861023;99,456767768221;98,641919420552;64,373019465822;98,868266183794;98,868266183794;98,645035573481;91,213123668827;80,34621833507;85,956405492364;69,687769066933;19,848642769747;41,201794534826;0,829038181473;0,548700614972;1;0,953241574214;1;0,867275916704;0,431919923545;0,659148403590;0,909461294703;0,940953018285;0,64373019466;0,838323740542;0,838323740542;0,887086297790;0,840238612160;0,68300352153;0,744661918043;0,606334663207;0,287661489417;0,315684271504;0,829;0,827;0,774;0,781;0,624;0,767
3;4102208001001;AGRICOLA POPULAR;2;4.102.208.001.001;Município Inteiro;Município de Atalaia;4.102.208;36;9;3.913;1.301;1.328;447;94,250513347023;96,940611877625;100;100,000000000000;100;96,53379549393;90,207972270364;97,487001733102;100,000000000000;97,573656845754;1,126516464471;99,740034662045;97,833622183709;96,850629874025;85,242951409718;84,76304739052;96,790641871626;50,839832033593;68,176364727055;38,602279544091;0,661794902766;0,820035992801;1;1,000000000000;1;0,845862218371;0,711406380384;0,852176572535;1,000000000000;0,894506819381;0,01126516464;0,962862094578;0,690517454816;0,737552489502;0,731690025631;0,75424269985;0,941648034030;0,361556260177;0,988063256914;0,284364813784;0,662;0,940;0,882;0,514;0,686;0,737
4;4103206001001;AGRICOLA;1;4.103.206.001.001;Município Inteiro;Município de Bom Sucesso;4.103.206;36;18;6.561;2.120;2.118;671;83,192090395480;83,472803347280;96;81,551920882465;100;90,26548672566;77,522123893805;95,516224188791;98,761061946903;96,401179941003;0,176991150442;97,994100294985;98,702064896755;96,861924686193;86,287561810574;64,58729554964;83,567896538608;47,109166983644;17,325979459871;34,195511601369;0,011299435028;0,027811961605;0;0,161450949203;1;0,454092920354;0,241560144215;0,736248481694;0,793510324484;0,843529562652;0,00176991150;0,713442899284;0,814580699536;0,738493723849;0,750682942010;0,42882734757;0,701234482520;0,313106064723;0,251101151592;0,231271224113;0,011;0,128;0,645;0,475;0,488;0,349
5;4103800001001;AGRICOLA;1;4.103.800.001.001;Município Inteiro;Município de Cambira;4.103.800;36;17;7.236;2.328;2.484;774;96,185286103542;98,117880138683;100;100,000000000000;100;94,75374732334;85,920770877944;99,197002141328;100,000000000000;95,610278372591;0,749464668094;95,182012847966;99,839400428266;98,885586924220;95,740465577018;87,64239722635;97,771173848440;80,757800891531;7,776126795443;29,643387815750;0,775605064914;0,889287066981;1;1,000000000000;1;0,734609207709;0,552621143628;0,952764831843;1,000000000000;0,809142537939;0,00749464668;0,311716121138;0,977057204038;0,907132243685;0,922553919582;0,80068382623;0,959475888153;0,750101310280;0,112697489789;0,176426359226;0,776;0,960;0,848;0,423;0,661;0,733
6;4107306001001;AGRICOLA POPULAR;2;4.107.306.001.001;Município Inteiro;Município de Doutor Camargo;4.107.306;36;15;5.828;2.017;1.853;658;92,917847025496;99,921507064364;100;100,000000000000;100;95,16938519448;90,777917189461;96,612296110414;99,937264742785;98,180677540778;19,259723964868;99,623588456713;99,937264742785;99,862637362637;99,843014128728;78,80690737834;97,390109890110;84,124803767661;1,393249607535;15,698587127159;0,583402766206;0,995382768492;1;1,000000000000;1;0,760586574655;0,732515451461;0,800723300613;0,989544123798;0,920899023512;0,19259723965;0,946226922388;0,991037820398;0,988553113553;0,997145711431;0,65817592546;0,952547452547;0,793828620359;0,020192023298;0,008416712375;0,583;0,998;0,857;0,649;0,631;0,744
7;4107801001001;AGRICOLA POPULAR;2;4.107.801.001.001;Município Inteiro;Município de Floraí;4.107.801;36;15;5.050;1.733;1.698;586;92,128801431127;99,818963566418;100;100,000000000000;100;97,01789264414;89,993373094765;96,752816434725;100,000000000000;99,337309476475;20,543406229291;99,337309476475;99,933730947647;99,094817832089;98,891151844309;93,16587463227;98,981670061100;83,797239194388;36,795655125594;61,688164743155;0,536988319478;0,989350798025;1;1,000000000000;1;0,876118290258;0,703458262769;0,808989202043;1,000000000000;0,971187368542;0,20543406229;0,905329925211;0,990532992521;0,924568152674;0,979839124442;0,88977217149;0,981484910202;0,789574534992;0,533270364139;0,562508008954;0,537;0,996;0,878;0,656;0,809;0,775
8;4107900001001;AGRICOLA HETEROGENEO;3;4.107.900.001.001;Município Inteiro;Município de Floresta;4.107.900;36;15;5.931;1.946;1.941;636;98,479087452472;99,320227815543;100;99,871394451589;100;94,08185840708;84,292035398230;87,776548672566;99,889380530974;97,511061946903;0,387168141593;99,557522123894;99,612831858407;97,391144589381;97,942311225427;80,28660665074;97,997427889032;72,790740400514;28,899503950028;70,953518280360;0,910534556028;0,960013400914;1;0,994154293254;1;0,692616150442;0,492297607342;0,280973451327;0,981563421829;0,891785302039;0,00387168142;0,936788874842;0,944690265487;0,782595382448;0,962587476826;0,68204204275;0,963589597982;0,646632992214;0,418833390580;0,674138774462;0,911;0,976;0,689;0,556;0,733;0,773
9;4108106001001;AGRICOLA POPULAR;2;4.108.106.001.001;Município Inteiro;Município de Flórida;4.108.106;36;6;2.543;823;848;275;96,793002915452;99,045553145336;98;98,004338394794;100;94,85861182519;81,748071979434;95,886889460154;98,971722365039;95,501285347044;0,899742930591;98,200514138818;98,843187660668;99,132321041215;82,776572668113;74,75054229935;90,889370932755;78,134490238612;13,665943600868;54,403470715835;0,811353112674;0,943856067373;1;0,909288108854;1;0,741163239075;0,398076739979;0,758052321186;0,828620394173;0,804403710741;0,00899742931;0,742930591260;0,834741094381;0,927693420101;0,686846775784;0,59275068225;0,834352198777;0,716032340761;0,198057153636;0,474740611034;0,811;0,838;0,745;0,480;0,633;0,702
10;4110003001001;AGRICOLA HETEROGENEO;3;4.110.003.001.001;Município Inteiro;Município de Iguaraçu;4.110.003;36;12;3.982;1.269;1.301;427;97,165991902834;92,427480916031;100;100,000000000000;100;88,81179531657;80,832610581093;91,673894189072;99,739809193409;94,015611448396;8,065915004337;98,612315698179;98,091934084996;98,656488549618;94,137404580153;66,13740458015;83,419847328244;53,129770992366;14,656488549618;64,916030534351;0,833293641343;0,554557700943;1;1,000000000000;1;0,363237207285;0,364170762263;0,510229069945;0,956634865568;0,739809193408;0,08065915004;0,801759385454;0,727419154999;0,888040712468;0,893407356003;0,45382910613;0,698542678695;0,391295727174;0,212412877531;0,601397958245;0,833;0,852;0,639;0,486;0,591;0,680
11;4111100001001;AGRICOLA POPULAR;2;4.111.100.001.001;Município Inteiro;Município de Itambé;4.111.100;36;12;5.979;1.897;1.873;601;91,528545119705;99,699805756666;100;100,000000000000;100;93,64096792347;82,329769274057;95,891952729319;100,000000000000;91,727630838492;67,754642656162;99,831176139561;100,000000000000;95,320501500971;92,901289069398;94,29630937666;93,554653010772;54,052622285008;6,374713049620;44,923185590676;0,501679124689;0,982341515098;1;1,000000000000;1;0,665060495217;0,419621084224;0,758350160548;1,000000000000;0,640331775587;0,67754642656;0,975882305652;1,000000000000;0,610041791748;0,870932528535;0,90800498995;0,882811872923;0,403280808896;0,092387145647;0,360520308321;0,502;0,994;0,769;0,794;0,590;0,730
12;4111605001001;AGRICOLA POPULAR;2;4.111.605.001.001;Município Inteiro;Município de Ivatuba;4.111.605;36;9;3.010;1.308;1.020;437;93,949044585987;95,019832525342;100;100,000000000000;100;95,62419562420;79,922779922780;86,357786357786;99,099099099099;90,218790218790;0,514800514801;99,099099099099;99,099099099099;98,854120758043;86,029087703834;76,64169237550;82,282944028206;58,616130453945;7,315998237109;15,513442044954;0,644061446235;0,707048972079;1;1,000000000000;1;0,789012226512;0,330473330473;0,197516844576;0,849849849850;0,574730009513;0,00514800515;0,871299871300;0,871299871300;0,904510063170;0,745983412797;0,62325310283;0,677871709604;0,462547148753;0,106028959958;0,006186048734;0,644;0,902;0,633;0,466;0,504;0,630
13;4112108001001;AGRICOLA POPULAR;2;4.112.108.001.001;Município Inteiro;Município de Jandaia do Sul;4.112.108;36;34;20.269;6.683;2.024;664;97,600000000000;97,786855261554;100;100,000000000000;100;94,65357337698;86,688488816148;96,235679214403;99,345335515548;98,417894162575;51,227495908347;97,926895799236;99,181669394435;99,731740031704;99,768320936471;96,93330081697;98,695281063285;95,390805999268;49,810998658700;74,094622606999;0,858823529412;0,869815015385;1;1,000000000000;1;0,728348336061;0,581055141339;0,778569365553;0,890889252591;0,931212789677;0,51227495908;0,703842257034;0,883095627776;0,977645002642;0,995787653390;0,95053710995;0,976277837514;0,940140337653;0,721898531286;0,711983404904;0,859;0,957;0,796;0,709;0,896;0,843
14;4113601001001;AGRICOLA HETEROGENEO;3;4.113.601.001.001;Município Inteiro;Município de Lobato;4.113.601;36;10;4.401;1.454;1.410;478;99,003322259136;100,000000000000;100;95,666013712047;100;94,78851963746;87,084592145015;95,996978851964;99,546827794562;98,867069486405;96,525679758308;98,867069486405;99,320241691843;99,534769833497;84,794319294809;78,10969637610;89,618021547503;65,475024485798;2,619980411361;26,542605288932;0,941371897596;1,000000000000;1;0,803000623275;1;0,736782477341;0,595725635001;0,764528167763;0,924471299094;0,950742151583;0,96525679758;0,838152783772;0,902891670263;0,961230819458;0,723533078087;0,64693058671;0,811236755409;0,551623694621;0,037970730599;0,139067533602;0,941;0,934;0,804;0,924;0,553;0,832
15;4114104001001;AGRICOLA HETEROGENEO;3;4.114.104.001.001;Município Inteiro;Município de Mandaguaçu;4.114.104;36;31;19.781;6.175;3.893;1.189;97,589531680441;89,824888009774;99;96,142882075746;100;91,38673557278;80,333046224519;89,577950043066;99,397071490095;97,904105656044;29,227677289693;99,196095320126;99,569336778639;98,795741462563;77,852114724533;66,60655070103;77,136540810984;79,737041130956;8,325091628367;23,928093548199;0,858207745908;0,401464000575;1;0,824676457988;1;0,524170973299;0,345668378686;0,386938237827;0,899511915016;0,908874158958;0,29227677290;0,885156474304;0,938476682663;0,899645121880;0,597311176810;0,46139597905;0,584300742018;0,736844690012;0,120653501860;0,107567392147;0,858;0,670;0,631;0,663;0,501;0,665
16;4114203003001;AGRICOLA HETEROGENEO;3;4.114.203.003.001;Definida automaticamente;Área 001;4.114.203;36;18;12.685;4.161;1.239;414;94,718309859155;88,236227972694;100;97,586918558501;100;94,75383373688;89,991928974980;90,476190476191;99,838579499596;99,757869249395;38,983050847458;99,677158999193;99,677158999193;98,452135259565;82,267026512145;76,84553103667;94,649944435625;58,104461025560;15,431020796952;56,683600571519;0,689312344656;0,308013410158;1;0,890314479932;1;0,734614608555;0,703404776851;0,439775910364;0,973096583266;0,989472576061;0,38983050847;0,953879857028;0,953879857028;0,871011271630;0,677582300221;0,62654082317;0,902726262466;0,455902091241;0,223637982565;0,502212055079;0,689;0,733;0,770;0,735;0,609;0,707
17;4114203003002;AGRICOLA POPULAR;2;4.114.203.003.002;Definida automaticamente;Área 002;4.114.203;36;47;19.973;6.666;1.969;658;92,957746478873;94,226507092199;100;99,673093971631;100;93,17803660566;81,530782029950;89,683860232945;99,556295063783;98,447032723239;61,952301719357;98,946200776484;99,556295063783;98,598182624114;85,017730496454;83,36657801418;87,034574468085;77,033466312057;21,703235815603;57,430186170213;0,585749792875;0,660382770129;1;0,985140635074;1;0,636127287854;0,390028964072;0,393168248997;0,926049177297;0,932479683619;0,61952301719;0,849457253783;0,936613580540;0,883181885343;0,727595099936;0,73171900023;0,764264990329;0,701733328728;0,314539649501;0,511207062292;0,586;0,882;0,669;0,792;0,662;0,718
18;4114807003001;AGRICOLA;1;4.114.807.003.001;Definida automaticamente;Área 001;4.114.807;36;41;14.015;4.390;1.366;436;96,100278551532;98,137880531436;99;96,338529134847;100;90,44038668099;84,854994629431;93,877551020408;100,000000000000;93,233082706767;21,804511278196;97,529538131042;96,348012889366;97,185898106497;92,488754053771;77,71733444921;92,007532168637;37,598075112460;0,941521079611;22,899884925201;0,770604620678;0,890463560673;1;0,833569506129;1;0,465024167562;0,513147949238;0,639855942377;1,000000000000;0,705786204642;0,21804511278;0,647076875863;0,478287555624;0,765491508875;0,863431891887;0,64060216854;0,854682403066;0,189585391071;0,013645233038;0,095179336448;0,771;0,828;0,724;0,453;0,489;0,653
19;4114807003002;AGRICOLA POPULAR;2;4.114.807.003.002;Definida automaticamente;Área 002;4.114.807;36;26;17.944;5.748;1.738;560;98,328267477204;99,631526355234;100;98,369972520610;100;93,77806286081;85,695958948044;96,407953816549;99,037844772290;98,588838999359;61,385503527903;98,460551635664;98,139833226427;99,325505870597;99,144391706220;94,21059205596;98,875843117662;59,942543092681;26,430177366975;35,448413689733;0,901662792777;0,978325079720;1;0,925907841846;1;0,673628928801;0,544294775853;0,788703165679;0,839640795382;0,938645173885;0,61385503528;0,780078805095;0,734261889490;0,943792155883;0,984443485568;0,90662245252;0,979560783957;0,479773286918;0,383046048797;0,246366429997;0,902;0,968;0,769;0,736;0,703;0,816
20;4115200004001;MÉDIO;6;4.115.200.004.001;Definida automaticamente;Área 001;4.115.200;36;18;13.330;4.252;1.282;406;96,264855687606;98,458878364156;100;100,000000000000;100;96,33385335413;90,483619344774;96,411856474259;100,000000000000;99,843993759750;98,283931357254;100,000000000000;99,297971918877;100,000000000000;100,000000000000;98,55660802887;99,962411667418;95,324011426853;0,992331980153;95,399188092016;0,780285628683;0,909345786127;1;1,000000000000;1;0,833365834633;0,721615531288;0,788932733780;1,000000000000;0,993217119989;0,98283931357;1,000000000000;0,899710274125;1,000000000000;1,000000000000;0,97671948434;0,999316575771;0,939272875673;0,014381622901;0,968664916771;0,780;0,970;0,869;0,972;0,843;0,887
21;4115200004002;MÉDIO;6;4.115.200.004.002;Definida automaticamente;Área 002;4.115.200;36;21;13.548;4.383;1.337;429;98,010849909584;97,739272700231;100;100,000000000000;100;93,34330590875;92,819745699327;96,035901271503;99,476439790576;99,177262528048;97,905759162304;99,476439790576;99,476439790576;99,881014352644;100,000000000000;99,98512679408;100,000000000000;99,657916263851;2,811035918792;90,339852755261;0,882991171152;0,867016041190;1;1,000000000000;1;0,646456619297;0,808138729605;0,766817721853;0,912739965096;0,964228805567;0,97905759162;0,925205684368;0,925205684368;0,990084529387;1,000000000000;0,99976010958;1,000000000000;0,995557354076;0,040739650997;0,907709069340;0,883;0,956;0,827;0,955;0,848;0,894
22;4115200004003;POPULAR;5;4.115.200.004.003;Definida automaticamente;Área 003;4.115.200;36;22;19.224;5.699;1.959;564;95,214105793451;97,488536890371;100;100,000000000000;100;90,40326697295;76,365492598264;93,619193466054;99,795814190914;100,000000000000;42,725880551302;100,000000000000;98,468606431853;88,641100458524;99,796790329304;96,40996248437;100,000000000000;93,351396415173;15,178199249687;58,513964151730;0,718476811379;0,852266875904;1;1,000000000000;1;0,462704185809;0,198721948084;0,624658439180;0,965969031819;1,000000000000;0,42725880551;1,000000000000;0,781229490265;0,053425038210;0,996305278715;0,94209616910;1,000000000000;0,913654498898;0,219973902169;0,524264628334;0,718;0,951;0,650;0,727;0,664;0,742
23;4115200004004;MÉDIO;6;4.115.200.004.004;Definida automaticamente;Área 004;4.115.200;36;25;13.906;4.396;1.334;435;96,660482374768;95,841455490578;100;99,415204678363;100;93,10344827586;88,305847076462;94,302848575712;99,775112443778;96,326836581709;36,806596701649;100,000000000000;99,625187406297;99,848386398094;99,913363656054;93,53115298534;98,101220128511;94,736842105263;19,926359107646;92,361562342069;0,803557786751;0,755379734740;1;0,973418394471;1;0,631465517241;0,640957299128;0,664873445630;0,962518740630;0,840297242683;0,36806596702;1,000000000000;0,946455343757;0,987365533175;0,998424793746;0,89566375783;0,965476729609;0,931647300068;0,288787813154;0,932067016170;0,804;0,910;0,780;0,705;0,857;0,811
24;4115200004005;SUPERIOR MÉDIO;7;4.115.200.004.005;Definida automaticamente;Área 005;4.115.200;36;28;13.056;4.851;1.246;475;96,296296296296;89,325323475046;100;99,930683918669;100;97,59229534510;97,592295345104;97,431781701445;99,678972712681;89,967897271268;95,585874799358;99,277688603531;98,635634028893;99,892174984596;97,566235366605;96,13370301910;97,535428219347;91,281577325940;11,121380160197;88,462723351818;0,782135076253;0,372077851473;1;0,996849269030;1;0,912018459069;0,984899827596;0,848928335379;0,946495452113;0,563821620490;0,95585874799;0,896812657647;0,805090575556;0,991014582050;0,955749733938;0,93764037128;0,955189603988;0,886773731506;0,161179422612;0,885093052432;0,782;0,790;0,938;0,835;0,825;0,834
25;4115200004006;POPULAR;5;4.115.200.004.006;Definida automaticamente;Área 006;4.115.200;36;23;17.076;5.207;1.669;503;94,312796208531;93,627393398332;100;100,000000000000;100;95,14679448772;81,246255242660;92,750149790294;99,700419412822;100,000000000000;46,854403834632;100,000000000000;99,460754943080;96,781393163397;90,261952308235;78,90872782803;89,933043580406;87,219546575825;15,652531422530;52,560789380947;0,665458600502;0,625140788137;1;1,000000000000;1;0,759174655482;0,379490934913;0,573538222958;0,950069902137;1,000000000000;0,46854403835;1,000000000000;0,922964991869;0,731782763616;0,822944587422;0,65981819077;0,816964428735;0,834020085400;0,226848281486;0,452539631096;0,665;0,857;0,732;0,772;0,649;0,735
26;4115200004007;MÉDIO;6;4.115.200.004.007;Definida automaticamente;Área 007;4.115.200;36;26;19.385;6.075;1.881;588;98,331346841478;98,867163252638;100;99,746534243741;100;94,41786283892;87,506645401382;97,979797979798;100,000000000000;99,362041467305;35,778841041999;99,787347155768;99,468367889421;99,363749224084;94,822056693565;92,52534657563;94,185805917650;81,078005379681;9,342023587834;68,042623629216;0,901843931852;0,933362544273;1;0,988478829261;1;0,713616427432;0,611357237088;0,881164587047;1,000000000000;0,972262672492;0,35778841042;0,969621022253;0,924052555632;0,946979102007;0,905855576247;0,87944107380;0,894287380321;0,754259810126;0,135391646200;0,639067754569;0,902;0,973;0,841;0,716;0,736;0,834
27;4115200004008;MÉDIO;6;4.115.200.004.008;Definida automaticamente;Área 008;4.115.200;36;28;17.509;5.982;1.708;575;98,809523809524;97,733711048159;100;98,514193212696;100;93,79391100703;85,655737704918;98,302107728337;99,180327868853;92,447306791569;91,744730679157;99,238875878220;99,121779859485;99,930623807597;99,751401977222;99,47967855698;99,803434121524;93,652078395097;11,701451118691;80,615135572643;0,929971988796;0,866688885186;1;0,932463327850;1;0,674619437939;0,542805100182;0,900123984020;0,863387978142;0,671622034416;0,91744730679;0,891267982603;0,874539979926;0,994218650633;0,995480035949;0,99160771866;0,996426074937;0,917559459677;0,169586248097;0,790543802080;0,930;0,933;0,796;0,854;0,836;0,870
28;4115200004009;SUPERIOR MÉDIO;7;4.115.200.004.009;Definida automaticamente;Área 009;4.115.200;36;30;15.577;6.307;1.414;580;99,636363636364;100,000000000000;100;99,980615146033;100;98,23196605375;94,837340876945;98,019801980198;99,151343705799;77,722772277228;99,363507779349;99,575671852900;98,514851485149;99,806151460326;100,000000000000;98,74644611011;98,746446110106;97,706125613854;35,836133367795;80,408374256914;0,978609625668;1,000000000000;1;0,999118870274;1;0,951997878359;0,882864476924;0,883517763541;0,858557284300;0,031424881619;0,99363507779;0,939381693271;0,787835926450;0,983845955027;1,000000000000;0,97978138887;0,977208111093;0,970209423557;0,519364251707;0,788052701891;0,979;1,000;0,915;0,749;0,888;0,906
29;4115200004010;SUPERIOR MÉDIO;7;4.115.200.004.010;Definida automaticamente;Área 010;4.115.200;36;29;20.636;6.728;1.995;639;97,724399494311;98,868542504094;100;99,910674408218;100;96,19047619048;91,679197994988;97,092731829574;100,000000000000;91,478696741855;80,802005012531;100,000000000000;99,548872180451;99,945412138355;99,196069673962;92,68522653963;99,186144608208;97,885960994492;19,810431244107;96,957967346534;0,866141146724;0,933443676711;1;0,995939745828;1;0,824404761905;0,765896222037;0,828984225269;1,000000000000;0,629508553994;0,80802005013;1,000000000000;0,935553168636;0,995451011530;0,985383084981;0,88201978290;0,985202629240;0,972544947980;0,287107699190;0,987445389717;0,866;0,971;0,884;0,836;0,871;0,886
30;4115200004011;MÉDIO;6;4.115.200.004.011;Definida automaticamente;Área 011;4.115.200;36;35;20.962;7.196;1.981;684;96,361185983828;92,317708333333;100;97,618272569444;100;85,80310880829;79,378238341969;89,067357512953;94,455958549223;91,658031088083;62,797927461140;93,626943005181;93,264248704663;99,500868055556;89,035373263889;79,76888020833;88,633897569444;84,722222222222;6,499565972222;90,608723958333;0,785952116696;0,548100490196;1;0,891739662247;1;0,175194300518;0,310305123777;0,356903383115;0,075993091537;0,637305699482;0,62797927461;0,089563286454;0,037749814952;0,958405671296;0,800643150253;0,67369161626;0,793343592172;0,801587301587;0,094196608293;0,910948481426;0,786;0,794;0,384;0,404;0,719;0,617
31;4115200004012;SUPERIOR MÉDIO;7;4.115.200.004.012;Definida automaticamente;Área 012;4.115.200;36;22;12.916;4.319;1.275;422;98,429319371728;95,619583040525;100;99,484656828297;100;98,19607843137;97,490196078431;98,431372549020;99,450980392157;85,098039215686;85,803921568627;99,058823529412;99,372549019608;99,750136644023;99,195752322948;98,14944951979;99,195752322948;96,486296556571;31,240727727024;76,942297181229;0,907607021866;0,742328414149;1;0,976575310377;1;0,949754901961;0,981118373275;0,907727797001;0,908496732026;0,352088661552;0,85803921569;0,865546218487;0,910364145658;0,979178053669;0,985377314963;0,97015241161;0,985377314963;0,954367487748;0,452764169957;0,746292737123;0,908;0,906;0,949;0,769;0,868;0,880
32;4115200004013;SUPERIOR MÉDIO;7;4.115.200.004.013;Definida automaticamente;Área 013;4.115.200;36;32;18.541;6.904;1.798;677;98,809523809524;99,674743860790;100;99,994579064347;100;96,99666295884;95,161290322581;97,052280311457;99,555061179088;80,088987764182;98,887652947720;99,555061179088;99,276974416018;99,934948772158;99,934948772158;99,99457906435;100,000000000000;96,210765978208;64,910283514935;71,588876240039;0,929971988796;0,980867285929;1;0,999753593834;1;0,874791434928;0,894862604540;0,826604724203;0,925843529848;0,134303815834;0,98887652948;0,936437311298;0,896710630860;0,994579064347;0,998817250403;0,99991256555;1,000000000000;0,950789168548;0,940728746593;0,681793689639;0,930;0,994;0,904;0,789;0,938;0,911
33;4115200004014;SUPERIOR MÉDIO;7;4.115.200.004.014;Definida automaticamente;Área 014;4.115.200;36;21;13.720;4.835;1.344;467;96,953405017921;100,000000000000;100;100,000000000000;100;98,36309523810;91,369047619048;98,735119047619;99,776785714286;90,327380952381;98,437500000000;99,776785714286;99,404761904762;99,552227849960;100,000000000000;100,00000000000;100,000000000000;99,882551567203;19,731336709976;89,018571533436;0,820788530466;1,000000000000;1;1,000000000000;1;0,960193452381;0,754409171076;0,925595238095;0,962797619048;0,579451345756;0,98437500000;0,968112244898;0,914965986395;0,962685654163;1,000000000000;1,00000000000;1,000000000000;0,998474695678;0,285961401594;0,891790018475;0,821;1,000;0,921;0,886;0,877;0,901
34;4115200004015;SUPERIOR MÉDIO;7;4.115.200.004.015;Definida automaticamente;Área 015;4.115.200;36;27;15.596;5.539;1.489;526;97,652582159624;98,972382787412;100;99,646756583173;100;97,71658831430;91,605104096709;96,843519140363;100,000000000000;85,090664875756;96,507723304231;99,194089993284;99,126930826058;99,216441875401;98,760436737315;98,25305073860;98,509955041747;92,723185613359;19,710982658960;73,288375080283;0,861916597625;0,939551928671;1;0,983943481053;1;0,919786769644;0,763152003582;0,814324655315;1,000000000000;0,351768038076;0,96507723304;0,884869999041;0,875275832294;0,934703489617;0,977462486133;0,97182339901;0,972908273486;0,905495917057;0,285666415347;0,702269579281;0,862;0,969;0,899;0,808;0,821;0,872
35;4115200004016;MÉDIO;6;4.115.200.004.016;Definida automaticamente;Área 016;4.115.200;36;25;22.131;7.019;2.135;689;97,876643073812;98,924682188910;100;99,457784663052;100;93,62997658080;90,585480093677;91,850117096019;99,344262295082;98,922716627635;82,857142857143;99,344262295082;99,156908665105;97,653437827494;98,851779286463;91,86221351438;96,491547819748;95,748849501071;6,379003964095;93,438738779788;0,875096651401;0,936746011112;1;0,975353848321;1;0,664373536300;0,725388151618;0,520595123295;0,890710382514;0,953161592506;0,82857142857;0,906323185012;0,879558380729;0,804453152291;0,979123259754;0,86874537926;0,936209960359;0,944790253261;0,092449332813;0,945045045540;0,875;0,971;0,760;0,879;0,796;0,856
36;4115200004017;MÉDIO;6;4.115.200.004.017;Definida automaticamente;Área 017;4.115.200;36;33;21.246;6.966;2.052;677;96,587030716724;97,100180022381;100;99,421009098428;100;92,34892787524;89,181286549708;89,668615984405;99,220272904483;97,173489278752;72,612085769981;99,269005847953;98,781676413255;99,625358828395;99,313968763684;94,16143628667;98,598744708802;95,314552620056;9,511993382961;79,462852138374;0,799237100984;0,829422354258;1;0,973682231747;1;0,584307992203;0,673380983323;0,392271528494;0,870045484081;0,877108229511;0,72612085770;0,895572263993;0,825953773322;0,968779902366;0,987526704794;0,90582961753;0,974522631069;0,939150034027;0,137854976565;0,776660869137;0,799;0,931;0,704;0,810;0,813;0,811
37;4115200004018;AGRICOLA HETEROGENEO;3;4.115.200.004.018;Definida automaticamente;Área 018;4.115.200;36;24;17.293;5.342;1.677;515;93,294460641399;98,001909438080;100;99,843153300600;100;94,63414634146;84,459930313589;92,752613240418;100,000000000000;99,860627177700;17,630662020906;100,000000000000;100,000000000000;99,031642116749;88,529732678669;82,39907255865;87,547735951991;83,415166393890;17,150845608292;75,988816148391;0,605556508318;0,882465261064;1;0,992870604573;1;0,727134146341;0,498515937540;0,573683131789;1,000000000000;0,993940312074;0,17630662021;1,000000000000;1,000000000000;0,919303509729;0,791449685067;0,71611407353;0,773595199127;0,784612550570;0,248562979830;0,734805013836;0,606;0,952;0,760;0,669;0,710;0,739
38;4115200004019;MÉDIO;6;4.115.200.004.019;Definida automaticamente;Área 019;4.115.200;36;44;24.288;7.946;2.337;769;97,845249755142;98,896238114924;100;97,292269532865;100;94,35173299101;91,399229781772;98,801882755670;99,871630295250;100,000000000000;94,480102695764;100,000000000000;99,743260590501;99,888383629599;99,942124844977;98,03637866887;99,917321207110;95,915667631253;12,939231087226;78,478710210831;0,873249985597;0,935072830290;1;0,876921342403;1;0,709483311938;0,755527028955;0,929522515039;0,978605049208;1,000000000000;0,94480102696;1,000000000000;0,963322941500;0,990698635800;0,998947724454;0,96832868821;0,998496749220;0,946956722484;0,187525088221;0,764803737480;0,873;0,929;0,875;0,971;0,837;0,897
39;4115200004020;POPULAR;5;4.115.200.004.020;Definida automaticamente;Área 020;4.115.200;36;42;27.137;8.689;2.574;832;97,346938775510;99,367945823928;100;99,038374717833;100;92,73618538324;88,814616755793;96,301247771836;99,019607843137;99,197860962567;81,194295900178;99,509803921569;97,860962566845;99,990970654628;99,331828442438;91,90519187359;99,318284424379;96,514672686230;4,293453724605;86,541760722348;0,843937575030;0,962820342584;1;0,956289759901;1;0,608511586453;0,659800620585;0,782426339520;0,836601307190;0,965124389677;0,81194295900;0,929971988796;0,694423223835;0,999247554552;0,987851426226;0,86943857861;0,987605171352;0,954736008912;0,062223967023;0,861948924366;0,844;0,966;0,777;0,843;0,818;0,849
40;4116307001001;AGRICOLA;1;4.116.307.001.001;Município Inteiro;Município de Munhoz de Melo;4.116.307;36;12;3.672;1.205;1.198;395;96,368038740920;99,730820995962;100;100,000000000000;100;94,43298969072;80,721649484536;94,226804123711;100,000000000000;100,000000000000;1,443298969072;96,907216494845;100,000000000000;98,889636608345;94,347240915209;80,58546433378;92,530282637954;81,763122476447;23,250336473755;70,423956931359;0,786355220054;0,984165940939;1;1,000000000000;1;0,714561855670;0,360061092020;0,660400242571;1,000000000000;1,000000000000;0,01443298969;0,558173784978;1,000000000000;0,907469717362;0,897222562095;0,68686232796;0,864186957054;0,763157434759;0,336961398170;0,667758517245;0,786;0,995;0,747;0,517;0,732;0,755
41;4116901003001;AGRICOLA POPULAR;2;4.116.901.003.001;Definida automaticamente;Área 001;4.116.901;36;51;26.615;8.689;2.636;857;92,265193370166;96,179775280899;100;99,729504785685;100;93,05148597740;81,372959397237;89,744663038928;99,665131854332;95,353704478861;43,365424863960;97,990791125994;98,827961490163;97,811069496463;75,276737411569;64,92717436538;74,902205576363;73,820224719101;10,341240116521;54,094881398252;0,545011374716;0,775280898876;1;0,987704762986;1;0,628217873587;0,384183681379;0,396744884643;0,944188642389;0,797987151255;0,43365424864;0,712970160856;0,832565927166;0,817589124705;0,550486134756;0,43430926396;0,543676465025;0,660002918430;0,149873045167;0,471022667449;0,545;0,896;0,671;0,642;0,518;0,654
42;4117404001001;AGRICOLA POPULAR;2;4.117.404.001.001;Município Inteiro;Município de Ourizona;4.117.404;36;9;3.380;1.091;1.080;361;96,596858638744;97,830374753452;96;89,184746877055;100;96,88473520249;84,423676012461;96,573208722741;99,376947040498;99,792315680166;1,973001038422;99,792315680166;99,169262720665;98,422090729783;93,556870479947;77,48191978961;93,425378040763;65,483234714004;37,738330046022;23,274161735700;0,799815214044;0,872374985497;0;0,508397585321;1;0,867795950156;0,497173185647;0,798424042514;0,896157840083;0,990970246964;0,01973001038;0,970330811452;0,881323245809;0,868507560815;0,882852190544;0,63680515790;0,880461418923;0,551730320961;0,546932319508;0,099688695611;0,800;0,520;0,812;0,576;0,638;0,669
43;4117503003001;AGRICOLA HETEROGENEO;3;4.117.503.003.001;Definida automaticamente;Área 001;4.117.503;36;23;13.153;4.149;1.280;407;91,938579654511;93,605669692626;99;98,741837872273;100;90,84278768233;79,092382495948;82,982171799028;99,756888168558;98,865478119935;14,991896272285;98,055105348460;99,108589951378;98,813505335245;53,057811753464;38,83580187928;52,572065615544;43,334925943622;3,025959547699;36,144290492117;0,525798803207;0,623862923096;1;0,942810812376;1;0,490174230146;0,299717870220;-0,001048717704;0,959481361426;0,950672961736;0,14991896272;0,722157906923;0,872655707340;0,901125444604;0,146505668245;0,01348067547;0,137673920283;0,264089947320;0,043854486199;0,254750487857;0,526;0,815;0,550;0,569;0,252;0,542
44;4117503003002;POPULAR;5;4.117.503.003.002;Definida automaticamente;Área 002;4.117.503;36;28;22.783;7.089;2.300;695;95,486459378134;97,212528161859;100;99,434554048681;100;93,47826086957;78,391304347826;84,739130434783;99,521739130435;99,217391304348;80,608695652174;99,086956521739;98,086956521739;99,880726244644;72,871846976189;65,18973362195;72,509608163626;60,719176569333;23,532270177144;31,550117064982;0,734497610478;0,836031068345;1;0,974297911304;1;0,654891304348;0,273752012882;0,102301790281;0,920289855072;0,965973534972;0,80608695652;0,869565217391;0,726708074534;0,990060520387;0,506760854113;0,43854409068;0,500174693884;0,489859435965;0,341047393872;0,199399000783;0,734;0,911;0,590;0,835;0,495;0,713
45;4120408001001;AGRICOLA POPULAR;2;4.120.408.001.001;Município Inteiro;Município de Presidente Castelo Branco;4.120.408;36;12;4.784;1.490;1.547;484;97,342192691030;99,302716999279;99;100,000000000000;100;91,96165191740;77,802359882006;94,616519174041;99,410029498525;98,303834808260;8,554572271386;99,410029498525;99,041297935103;99,519115171916;87,569127194037;79,75474873768;87,521038711229;78,264005770618;2,596778071652;18,153402260159;0,843658393590;0,958983352899;1;1,000000000000;1;0,560103244838;0,251939254889;0,683324657297;0,901671583088;0,926253687316;0,08554572271;0,915718499789;0,863042562158;0,959926264326;0,773984130801;0,67346368932;0,773109794750;0,717714360657;0,037634464807;0,037992798315;0,844;0,921;0,679;0,575;0,568;0,717
46;4123402001001;AGRICOLA POPULAR;2;4.123.402.001.001;Município Inteiro;Município de Santa Fé;4.123.402;36;24;10.432;3.342;2.092;669;96,997690531178;99,956269815240;100;99,344047228600;100;93,57648339684;80,566140446380;92,759934676102;99,727817093087;95,645073489385;24,605334784976;96,788241698421;99,510070767556;99,508035421450;91,647534710834;73,07313873401;93,134360992675;90,587077730403;26,249043402208;34,153274297584;0,823393560658;0,997427636191;1;0,970183964936;1;0,661030212303;0,354301498014;0,574113804477;0,954636182181;0,810655369104;0,24605334785;0,541177385489;0,930010109651;0,959002951787;0,848136994742;0,56569578603;0,875170199867;0,877754256239;0,380420918873;0,230762340935;0,823;0,989;0,709;0,555;0,677;0,751
47;4125308001001;AGRICOLA HETEROGENEO;3;4.125.308.001.001;Município Inteiro;Município de São Jorge do Ivaí;4.125.308;36;16;5.517;1.877;1.754;613;93,114241001565;98,514851485149;100;99,935428325441;100;97,70341207349;91,929133858268;99,606299212598;99,803149606299;98,818897637795;93,175853018373;99,671916010499;98,753280839895;99,913904433922;98,041325871718;95,91046061128;97,739991390443;70,297029702970;4,390873869996;27,356866121395;0,594955353033;0,912638322656;1;0,997064923884;1;0,918963254593;0,775153105862;0,976841130153;0,967191601050;0,948647723382;0,93175853018;0,953130858643;0,821897262842;0,992825369493;0,964387743122;0,93403968728;0,958908934372;0,614247139000;0,063635853188;0,148877905077;0,595;0,970;0,928;0,917;0,668;0,816
48;4126256003001;OPERÁRIO POPULAR;4;4.126.256.003.001;Definida automaticamente;Área 001;4.126.256;36;15;13.977;4.380;1.410;429;93,760262725780;97,002509860165;98;78,178558623162;100;86,59574468085;74,397163120567;88,156028368794;99,929078014184;99,078014184397;1,205673758865;99,929078014184;99,929078014184;99,505198996056;48,619576909287;45,27787737540;48,669774112585;37,275008963786;3,944065973467;88,304051631409;0,632956630928;0,823677050598;1;0,008116301053;1;0,224734042553;0,125820856317;0,303295786400;0,988179669031;0,959913660191;0,01205673759;0,989868287741;0,989868287741;0,958766583005;0,065810489260;0,11738511896;0,066723165683;0,185389726802;0,057160376427;0,883181344957;0,633;0,477;0,528;0,593;0,333;0,513
49;4126256003002;OPERÁRIO POPULAR;4;4.126.256.003.002;Definida automaticamente;Área 002;4.126.256;36;18;14.999;4.536;1.485;450;95,320623916811;98,243815771491;100;94,478611452781;100;82,99039780521;71,879286694102;85,528120713306;99,931412894376;93,347050754458;0,617283950617;98,285322359396;99,176954732510;99,070657373240;45,216618832855;42,18258849255;45,462621292880;34,474511411781;24,436244362444;86,230695640290;0,724742583342;0,896695045382;1;0,749027793308;1;-0,000600137174;0,032566173856;0,148712983136;0,988568815729;0,710741337150;0,00617283951;0,755046051342;0,882422104644;0,922554781103;0,003938524234;0,06746110472;0,008411296234;0,149019628724;0,354148469021;0,858201152293;0,725;0,882;0,434;0,472;0,338;0,570
50;4126256003003;OPERÁRIO POPULAR;4;4.126.256.003.003;Definida automaticamente;Área 003;4.126.256;36;17;13.623;4.267;1.356;414;96,933560477002;96,863495803269;100;96,554262995141;100;86,43067846608;75,442477876106;90,781710914454;100,000000000000;99,336283185841;1,548672566372;99,483775811209;99,483775811209;99,514062730084;68,760123693123;65,61625681048;70,983654837285;23,634221764100;22,043881608011;93,646002061552;0,819621204530;0,815499753133;1;0,843375590688;1;0,214417404130;0,164536217634;0,457747700850;1,000000000000;0,971142747210;0,01548672566;0,926253687316;0,926253687316;0,959505227507;0,432002248966;0,44542349694;0,472430087951;0,008236646287;0,319476545044;0,947542193513;0,820;0,868;0,567;0,571;0,512;0,668
51;4126256003004;POPULAR;5;4.126.256.003.004;Definida automaticamente;Área 004;4.126.256;36;23;14.414;4.726;1.383;453;97,163120567376;99,902540898016;98;95,969369996519;100;93,99855386840;86,044830079537;94,432393347795;99,855386840203;90,238611713666;1,012292118583;99,855386840203;99,783080260304;99,944309084581;99,749390880613;99,66585450748;99,777236338322;33,637312913331;17,932474765054;98,009049773756;0,833124739257;0,994267111648;1;0,816789545296;1;0,687409616775;0,557215928872;0,672493726341;0,975897806700;0,575591813638;0,01012292119;0,979340977172;0,969011465758;0,995359090382;0,995443470557;0,99461055657;0,995949751606;0,138146920952;0,259890938624;1,000109033419;0,833;0,782;0,779;0,509;0,769;0,734
52;4126256003005;POPULAR;5;4.126.256.003.005;Definida automaticamente;Área 005;4.126.256;36;32;25.834;8.130;2.464;786;94,672586015538;92,441056830299;96;90,494056316891;100;88,77135882832;77,949552481692;88,852725793328;99,674532139951;99,552481692433;10,089503661513;99,389747762409;99,674532139951;99,498440030015;70,080170609376;68,51230204178;70,605426325975;33,667706646657;13,980490501955;94,704000631887;0,686622706796;0,555356284135;0;0,567911650768;1;0,360709926770;0,257390832655;0,344277987843;0,945755356659;0,980542682280;0,10089503662;0,912821108915;0,953504591422;0,958203335835;0,456003101989;0,49213390390;0,465553205927;0,138541644762;0,202615804376;0,960289164240;0,687;0,467;0,582;0,610;0,525;0,574
